FID,ID,NAME,LABEL,THEME_NAME,DTT_ID2010,DTT_NM2010,DTT_LB2010,RGN_NM2012,AREA_M2,gdppersqkm,Precip,NDVI
0,102.000000000000000,Ellembelle,Ellembelle,ELLEMBELLE,312.000000000000000,Ellembelle,Ellembelle,Western,995043496.202000021934509,995,0.159777438829000,0.354576768287000
1,103.000000000000000,Nzema East,Nzema East,NZEMA EAST MUNICIPAL,303.000000000000000,Nzema East,Nzema East,Western,1083336516.829999923706055,1083,0.153100867685000,0.354650253041000
2,104.000000000000000,Ahanta West,Ahanta West,AHANTA WEST,307.000000000000000,Ahanta West,Ahanta West,Western,554072265.738000035285950,554,0.148956798501000,0.384547330297000
3,105.000000000000000,Sekondi Takoradi,Sekondi Takoradi,SEKONDI TAKORADI METROPOLIS,301.000000000000000,Shama Ahanta East,STMA,Western,191662659.911000013351440,192,0.135893189462000,0.294891923300000
4,106.000000000000000,Shama,Shama,SHAMA,310.000000000000000,Shama,Shama,Western,193697018.872999995946884,194,0.124652655559000,0.315523250870000
5,107.000000000000000,Wassa East,Wassa East,WASSA EAST,319.000000000000000,Mpohor Wassa East,Mpohor Wassa East,Western,1652172964.549999952316284,1652,0.124786105752000,0.366084183874000
6,108.000000000000000,Tarkwa Nsuaem,Tarkwa Nsuaem,TARKWA NSUAEM MUNICIPAL,302.000000000000000,Tarkwa Nsuaem,Tarkwa Nsuaem,Western,904940420.220000028610229,905,0.137390835845000,0.319655144148000
7,109.000000000000000,Prestea / Huni Valley,Prestea / Huni Valley,PRESTEA/HUNI VALLEY,309.000000000000000,Prestea Huni,Prestea Huni,Western,1808660373.059999942779541,1809,0.146150948032000,0.360824747376000
8,110.000000000000000,Wassa Amenfi East,Wassa Amenfi East,WASSA AMENFI EAST,308.000000000000000,Wassa Amenfi,Wassa Amenfi East,Western,1557438175.250000000000000,1557,0.152382835860000,0.389383945947000
9,111.000000000000000,Wassa Amenfi West,Wassa Amenfi West,WASSA AMENFI WEST,314.000000000000000,Wassa West,Wassa Amenfi West,Western,1447287360.500000000000000,1447,0.148014030499000,0.391282734965000
10,112.000000000000000,Aowin,Aowin,AOWIN,318.000000000000000,Aowin Suaman,Aowin Suaman,Western,2607090244.340000152587891,2607,0.154695792833000,0.398024691213000
11,113.000000000000000,Sefwi Akontombra,Sefwi Akontombra,SEFWI AKONTOMBRA,311.000000000000000,Sefwi Akontombra,Sefwi Akontombra,Western,1118720080.579999923706055,1119,0.157073699715000,0.397522309682000
12,114.000000000000000,Sefwi-Wiawso,Sefwi-Wiawso,SEFWI WIAWSO,304.000000000000000,Sefwi Wiawso,Sefwi Wiawso,Western,1010605044.120000004768372,1011,0.148136127740000,0.410436356136000
13,115.000000000000000,Sefwi Bibiani-Anhwiaso Bekwai,Sefwi Bibiani-Anhwiaso Bekwai,SEFWI BIBIANI-AHWIASO BEKWAI,305.000000000000000,Bibiani Anhwiaso,Bibiani Anhwiaso,Western,833201679.358000040054321,833,0.143541112831000,0.408947336846000
14,116.000000000000000,Juabeso,Juabeso,JUABESO,321.000000000000000,Juabeso Bia,Juabeso,Western,1367975906.650000095367432,1368,0.145545521496000,0.387991946844000
15,117.000000000000000,Bia West,Bia West,BIA WEST,315.000000000000000,Bia,Bia,Western,1285166340.869999885559082,1285,0.139027591418000,0.391120955406000
16,118.000000000000000,Mpohor,Mpohor,MPOHOR,319.000000000000000,Mpohor Wassa East,Mpohor Wassa East,Western,524468017.236999988555908,524,0.133795139867000,0.358979009401000
17,119.000000000000000,Wassa Amenfi Central,Wassa Amenfi Central,WASSA AMENFI CENTRAL,314.000000000000000,Wassa West,Wassa Amenfi West,Western,1844729282.809999942779541,1845,0.136599730245000,0.379697205514000
18,120.000000000000000,Suaman,Suaman,SUAMAN,318.000000000000000,Aowin Suaman,Aowin Suaman,Western,399521295.199999988079071,400,0.152482553596000,0.372219100467000
19,121.000000000000000,Bodi,Bodi,BODI,321.000000000000000,Juabeso Bia,Juabeso,Western,661544027.266999959945679,662,0.146753987655000,0.378988331617000
20,122.000000000000000,Bia East,Bia East,BIA EAST,315.000000000000000,Bia,Bia,Western,782375907.256999969482422,782,0.142834605385000,0.417557391070000
21,201.000000000000000,Komenda Edna Eguafo / Abirem,Komenda Edna Eguafo / Abirem,KOMENDA-EDINA-EGYAFO-ABIREM MUNICIPAL,202.000000000000000,Komenda Edina Eguafo,Komenda Edina Eguafo,Central,452641918.142000019550323,453,0.127387132785000,0.351108935275000
22,202.000000000000000,Cape Coast Metro,Cape Coast Metro,CAPE COAST METROPOLIS,201.000000000000000,Cape Coast,Cape Coast,Central,122448765.253999993205070,122,0.119499910824000,0.319783701214000
23,203.000000000000000,Abura / Asebu / Kwamankese,Abura / Asebu / Kwamankese,ABURA-ASEBU-KWAMANKESE,210.000000000000000,Abura Asebu Kwaman,Abura Asebu Kwaman,Central,376937143.676999986171722,377,0.116818675537000,0.366100014850000
24,204.000000000000000,Mfantsiman,Mfantsiman,MFANTSIMAN MUNICIPAL,208.000000000000000,Mfantsiman,Mfantsiman,Central,300896112.902999997138977,301,0.115891559441000,0.340542981906000
25,205.000000000000000,Ajumako-Enyan-Esiam,Ajumako-Enyan-Esiam,AJUMAKO-ENYAN-ESSIAM,211.000000000000000,Ajumako Enyan Esiam,Ajumako Enyan Esiam,Central,521648462.518000006675720,522,0.113211077260000,0.367540571075000
26,206.000000000000000,Gomoa West,Gomoa West,GOMOA WEST,215.000000000000000,Gomoa West,Gomoa West,Central,459020926.073000013828278,459,0.116726418572000,0.317760554762000
27,207.000000000000000,Effutu,Effutu,EFFUTU MUNICIPAL,204.000000000000000,Efutu,Efutu,Central,85311657.395905196666718,85,0.112031136243000,0.227675581344000
28,208.000000000000000,Gomoa East,Gomoa East,GOMOA EAST,214.000000000000000,Gomoa East,Gomoa East,Central,540444410.546000003814697,540,0.106189760566000,0.285965013661000
29,209.000000000000000,Awutu Senya,Awutu Senya,EWUTU SENYA,207.000000000000000,Awutu Senya,Awutu Senya,Central,244834959.773999989032745,245,0.106280997333000,0.316654035461000
30,210.000000000000000,Agona East,Agona East,AGONA EAST,206.000000000000000,Agona West,Agona West,Central,327742591.777000010013580,328,0.111117933426000,0.361283743741000
31,211.000000000000000,Agona West,Agona West,AGONA WEST MUNICIPAL,216.000000000000000,Agona East,Agona East,Central,356576354.448000013828278,357,0.115515774093000,0.373886422875000
32,212.000000000000000,Asikuma / Odoben / Brakwa,Asikuma / Odoben / Brakwa,ASIKUMA-ODOBEN BRAKWA,209.000000000000000,Asikuma Odoben Brakwa,Asikuma Odoben Brakwa,Central,773152892.217000007629395,773,0.118513182301000,0.393137820950000
33,213.000000000000000,Assin South,Assin South,ASSIN SOUTH,212.000000000000000,Assin South,Assin South,Central,1101526992.119999885559082,1102,0.125956467319000,0.374147109160000
34,214.000000000000000,Assin North,Assin North,ASSIN NORTH MUNICIPAL,203.000000000000000,Assin North,Assin North,Central,1005086903.179999947547913,1005,0.127741407118000,0.385812572388000
35,215.000000000000000,Twifo Ati-Morkwa,Twifo Ati-Morkwa,TWIFO-ATI MORKWA,217.000000000000000,Lower Denkyira,Lower Denkyira,Central,955573433.588999986648560,956,0.139265925670000,0.393497037812000
36,216.000000000000000,Upper Denkyira East,Upper Denkyira East,UPPER DENKYIRA EAST MUNICIPAL,205.000000000000000,Upper Denkyira East,Upper Denkyira East,Central,501941008.308000028133392,502,0.139817618322000,0.422298321388000
37,217.000000000000000,Upper Denkyira West,Upper Denkyira West,UPPER DENKYIRA WEST,213.000000000000000,Upper Denkyira West,Upper Denkyira West,Central,579020693.199000000953674,579,0.143079494523000,0.387112061217000
38,218.000000000000000,Twifo Lower Denkyira,Twifo Lower Denkyira,TWIFO-HEMAN-LOWER DENKYIRA,217.000000000000000,Lower Denkyira,Lower Denkyira,Central,575718403.128000020980835,576,0.149524287631000,0.372344624024000
39,219.000000000000000,Ekumfi,Ekumfi,EKUMFI,208.000000000000000,Mfantsiman,Mfantsiman,Central,276934945.185999989509583,277,0.129440730942000,0.328691353721000
40,301.000000000000000,Ga South,Ga South,WEIJA (GA SOUTH) MUNICIPAL,110.000000000000000,Ga South,Ga South,Greater Accra,342400959.074000000953674,342,0.112725211738000,0.226800979699000
41,302.000000000000000,Ga West,Ga West,GA WEST MUNICIPAL,103.000000000000000,Ga West,Ga West,Greater Accra,300094165.950999975204468,300,0.103390331412000,0.268771064540000
42,303.000000000000000,Ga East,Ga East,GA EAST MUNICIPAL,104.000000000000000,Ga East,Ga East,Greater Accra,85819563.308549404144287,86,0.105237170968000,0.227334312146000
43,304.000000000000000,Accra Metropolis,Accra Metropolis,ACCRA METROPOLIS,102.000000000000000,AMA,AMA,Greater Accra,139934811.404000014066696,140,0.107939145107000,0.147857251223000
44,305.000000000000000,Adenta,Adenta,ADENTA MUNICIPAL,106.000000000000000,Adentan,Adentan,Greater Accra,78095443.024490401148796,78,0.103584850000000,0.202609221628000
45,306.000000000000000,Ledzokuku / Krowor,Ledzokuku / Krowor,LEDZOKUKU/KROWOR MUNICIPAL,105.000000000000000,Ledzokuku Krowor,Ledzokuku Krowor,Greater Accra,47670201.804759301245213,48,0.101068664828000,0.161486111827000
46,307.000000000000000,Ashaiman,Ashaiman,ASHAIMAN MUNICIPAL,107.000000000000000,Ashaiman,Ashaiman,Greater Accra,18584274.644382201135159,19,0.101526775211000,0.148697760264000
47,308.000000000000000,Tema Metropolis,Tema Metropolis,TEMA METROPOLIS,101.000000000000000,Tema,Tema,Greater Accra,87989718.168435797095299,88,0.098921738565000,0.171062252821000
48,309.000000000000000,Shai Osu Doku,Shai Osu Doku,SHAI OSUKOKU,116.000000000000000,Dangme West,Dangme West,Greater Accra,970571457.731999993324280,971,0.099029649794100,0.291342301956000
49,310.000000000000000,Ada East,Ada East,ADA EAST,112.000000000000000,Dangme East,Dangme East,Greater Accra,290596380.629999995231628,291,0.097585117320200,0.208174773706000
50,311.000000000000000,Ga Central Municipal,Ga Central Municipal,GA CENTRAL MUNICIPAL,103.000000000000000,Ga West,Ga West,Greater Accra,49083082.502189397811890,49,0.104895431746000,0.178636271338000
51,312.000000000000000,La Dade Kotopon,La Dade Kotopon,LA DADE KOTOPON MUNICIPAL,102.000000000000000,AMA,AMA,Greater Accra,36102589.041722297668457,36,0.094478504277800,0.178732012096000
52,313.000000000000000,La Nkwantanang Madina,La Nkwantanang Madina,LA NKWANTANG MADINA MUNICIPAL,104.000000000000000,Ga East,Ga East,Greater Accra,71023483.950810700654984,71,0.103399037292000,0.250896720754000
53,314.000000000000000,Kpone Katamanso,Kpone Katamanso,KPONE KATAMANSO,101.000000000000000,Tema,Tema,Greater Accra,240351931.064999997615814,240,0.099468208849400,0.234008312292000
54,315.000000000000000,Ningo Prampram,Ningo Prampram, ,116.000000000000000,Dangme West,Dangme West,Greater Accra,623648973.955000042915344,624,0.103786988053000,0.206148136474000
55,316.000000000000000,Ada West,Ada West,ADA WEST,112.000000000000000,Dangme East,Dangme East,Greater Accra,324575036.774999976158142,325,0.102428498450000,0.207391067178000
56,401.000000000000000,South Tongu,South Tongu,SOUTH TONGU,606.000000000000000,Tongu South,Tongu South,Volta,645458417.939000010490417,645,0.097699121110800,0.280946069704000
57,402.000000000000000,Keta Municipal,Keta Municipal,KETA MUNICAPAL,601.000000000000000,Keta,Keta,Volta,755488142.893000006675720,755,0.095553622714100,0.102420758629000
58,403.000000000000000,Ketu South,Ketu South,KETU SOUTH,613.000000000000000,Ketu South,Ketu South,Volta,279272691.508000016212463,279,0.096542976819700,0.235051031681000
59,404.000000000000000,Ketu North,Ketu North,KETU NORTH,609.000000000000000,Ketu North,Ketu North,Volta,425156237.037000000476837,425,0.095880901916300,0.294231778305000
60,405.000000000000000,Akatsi South,Akatsi South,AKATSI,621.000000000000000,Akatsi,Akatsi,Volta,537634608.779999971389771,538,0.100490011275000,0.316651800213000
61,406.000000000000000,Central Tongu,Central Tongu,CENTRAL TONGU,620.000000000000000,Tongu North,Tongu North,Volta,684149014.718000054359436,684,0.103003440146000,0.311959670040000
62,407.000000000000000,Agotime Ziope,Agotime Ziope,AGOTIME ZIOPE,624.000000000000000,Adaklu Anyigbe,Adaklu Anyigbe,Volta,316587473.254000008106232,317,0.101958442772000,0.336543974372000
63,409.000000000000000,South Dayi,South Dayi,SOUTH DAYI,607.000000000000000,Dayi South,Dayi South,Volta,359107273.075999975204468,359,0.104085311529000,0.253440410920000
64,410.000000000000000,Kpando Municipal,Kpando Municipal,KPANDAI MUNICIPAL,603.000000000000000,Dayi North,Dayi North,Volta,314850741.228999972343445,315,0.112904107827000,0.263699696415000
65,411.000000000000000,Hohoe Municipal,Hohoe Municipal,HOHOE MUNICIPAL,602.000000000000000,Hohoe,Hohoe,Volta,686027991.138000011444092,686,0.123903035437000,0.469298086097000
66,412.000000000000000,Biakoye,Biakoye,BIAKOYE,611.000000000000000,Biakoye,Biakoye,Volta,1108666244.779999971389771,1109,0.124408541102000,0.266019585078000
67,413.000000000000000,Jasikan,Jasikan,JASIKAN,614.000000000000000,Jasikan,Jasikan,Volta,557320755.879999995231628,557,0.137418553140000,0.476262430415000
68,415.000000000000000,Krachi East,Krachi East,KRACHI EAST,608.000000000000000,Krachi East,Krachi East,Volta,2765968670.039999961853027,2766,0.141099386668000,0.171961896154000
69,416.000000000000000,Krachi West,Krachi West,KRACHI WEST,617.000000000000000,Krachi West,Krachi West,Volta,930279353.845999956130981,930,0.143985858179000,0.148726212663000
70,417.000000000000000,Nkwanta South,Nkwanta South,NKWANTA SOUTH,612.000000000000000,Nkwanta South,Nkwanta South,Volta,2740257364.030000209808350,2740,0.146986635144000,0.363505456962000
71,418.000000000000000,Nkwanta North,Nkwanta North,NKWANTA NORTH,610.000000000000000,Nkwanta North,Nkwanta North,Volta,1101566407.250000000000000,1102,0.149055326908000,0.272914923927000
72,419.000000000000000,North Tongu,North Tongu,NORTH TONGU,620.000000000000000,Tongu North,Tongu North,Volta,1134473722.329999923706055,1134,0.143685490388000,0.304312540880000
73,420.000000000000000,Akatsi North,Akatsi North,AKATSI NORTH,612.000000000000000,Nkwanta South,Nkwanta South,Volta,315139446.241999983787537,315,0.137273240111000,0.329408285985000
74,421.000000000000000,Adaklu,Adaklu,ADAKLU,624.000000000000000,Adaklu Anyigbe,Adaklu Anyigbe,Volta,803051559.070000052452087,803,0.141392433513000,0.330798088097000
75,422.000000000000000,Ho West,Ho West,HO WEST,604.000000000000000,Ho,Ho,Volta,1005360206.340000033378601,1005,0.136948352268000,0.407270149975000
76,423.000000000000000,Afadzato South,Afadzato South,AFADZATO SOUTH,602.000000000000000,Hohoe,Hohoe,Volta,554472012.677000045776367,554,0.108867486316000,0.421444332896000
77,424.000000000000000,North Dayi,North Dayi,NORTH DAYI,603.000000000000000,Dayi North,Dayi North,Volta,463881819.822000026702881,464,0.106518190230000,0.186723103318000
78,425.000000000000000,Krachi Nchumuru,Krachi Nchumuru,KRACHI NCHUMURU,617.000000000000000,Krachi West,Krachi West,Volta,1197285173.549999952316284,1197,0.112112541666000,0.245246182714000
79,501.000000000000000,Birim South,Birim South,BIRIM SOUTH,417.000000000000000,Birim South,Birim South,Eastern,726622860.187999963760376,727,0.121134622156000,0.385873856804000
80,502.000000000000000,Birim Municipal,Birim Municipal,BIRIM MUNICIPAL,402.000000000000000,Birim Central,Birim Central,Eastern,525742871.689999997615814,526,0.133358142651000,0.370297161954000
81,503.000000000000000,West Akim,West Akim,WEST AKIM MUNICIPAL,409.000000000000000,Akim West,Akim West,Eastern,475635514.828999996185303,476,0.130729579748000,0.389936010977000
82,504.000000000000000,Suhum Municipal,Suhum Municipal,SUHUM MUNICIPAL,408.000000000000000,Suhum Kraboa Coaltar,Suhum Kraboa Coaltar,Eastern,359574547.467000007629395,360,0.134649963799000,0.432851838634000
83,505.000000000000000,Nsawam Adoagyiri,Nsawam Adoagyiri,NSAWAM ADOAGYIRI MUNICIPAL,420.000000000000000,Akwapim South,Akwapim South,Eastern,175270150.837000012397766,175,0.133983797587000,0.345490132586000
84,506.000000000000000,Akwapem North,Akwapem North,AKWAPEM NORTH,405.000000000000000,Akwapim North,Akwapim North,Eastern,614340363.154000043869019,614,0.131241717124000,0.456173734488000
85,507.000000000000000,New Juaben Municipal,New Juaben Municipal,NEW JUABEN MUNICIPAL,401.000000000000000,New Juaben,New Juaben,Eastern,159982397.236000001430511,160,0.129287800994000,0.384500627160000
86,508.000000000000000,Yilo Krobo,Yilo Krobo,YILO KROBO,410.000000000000000,Yilo Krobo,Yilo Krobo,Eastern,484354059.046000003814697,484,0.125839046285000,0.459961441259000
87,509.000000000000000,Lower Manya,Lower Manya,LOWER MANYA-KROBO,406.000000000000000,Lower Manya Krobo,Lower Manya Krobo,Eastern,304998793.161000013351440,305,0.114117677056000,0.409309043540000
88,510.000000000000000,Asuogyaman,Asuogyaman,ASUOGYAMAN,412.000000000000000,Asuogyaman,Asuogyaman,Eastern,767586617.473000049591064,768,0.115866367584000,0.257929994399000
89,511.000000000000000,Upper Manya,Upper Manya,UPPER MANYA-KROBO,416.000000000000000,Upper Manya Krobo,Upper Manya Krobo,Eastern,860792140.394000053405762,861,0.124872476453000,0.335438994636000
90,512.000000000000000,Fanteakwa,Fanteakwa,FANTEAKWA,411.000000000000000,Fanteakwa,Fanteakwa,Eastern,1100600338.119999885559082,1101,0.121731841235000,0.391518179935000
91,513.000000000000000,East Akim,East Akim,EAST AKIM MUNICIPAL,404.000000000000000,Akim East,Akim East,Eastern,509107487.814999997615814,509,0.118108071750000,0.446641840442000
92,514.000000000000000,Kwaebibirem,Kwaebibirem,KWAEBIBIREM,422.000000000000000,Kwaebibirem,Kwaebibirem,Eastern,804352017.093999981880188,804,0.121793797718000,0.373705346869000
93,515.000000000000000,Akyem Mansa,Akyem Mansa,AKYEMANSA,418.000000000000000,Akyemansa,Akyemansa,Eastern,612280259.937000036239624,612,0.124927579374000,0.410543817509000
94,516.000000000000000,Birim North,Birim North,BIRIM NORTH,419.000000000000000,Birim North,Birim North,Eastern,566998376.570999979972839,567,0.133843507413000,0.399108912845000
95,517.000000000000000,Atiwa,Atiwa,ATIWA,414.000000000000000,Atiwa,Atiwa,Eastern,1166836620.880000114440918,1167,0.132015781553000,0.370228237680000
96,518.000000000000000,Kwahu West,Kwahu West,KWAHU WEST MUNICIPAL,403.000000000000000,Kwahu West,Kwahu West,Eastern,401371708.472999989986420,401,0.139626062817000,0.382255273765000
97,519.000000000000000,Kwahu South,Kwahu South,KWAHU SOUTH,413.000000000000000,Kwahu South,Kwahu South,Eastern,796894394.434000015258789,797,0.140777251878000,0.354287129736000
98,520.000000000000000,Kwahu East,Kwahu East,KWAHU EAST,415.000000000000000,Kwahu East,Kwahu East,Eastern,624016127.911000013351440,624,0.143714069390000,0.412645191141000
99,521.000000000000000,Kwahu Afram Plains North,Kwahu Afram Plains North,KWAHU AFRAM PLAINS NORTH,423.000000000000000,Kwahu North,Kwahu North,Eastern,2346311788.610000133514404,2346,0.140217448447000,0.132484239400000
100,522.000000000000000,Upper West Akim,Upper West Akim,UPPER WEST AKIM,409.000000000000000,Akim West,Akim West,Eastern,342793960.184000015258789,343,0.141610871358000,0.406333966957000
101,523.000000000000000,Akwapem South,Akwapem South,AKWAPEM SOUTH,420.000000000000000,Akwapim South,Akwapim South,Eastern,224539877.956999987363815,225,0.135868039158000,0.406141083409000
102,524.000000000000000,Ayensuano,Ayensuano,AYENSUANO,408.000000000000000,Suhum Kraboa Coaltar,Suhum Kraboa Coaltar,Eastern,499771116.808000028133392,500,0.136235817868000,0.432527967440000
103,525.000000000000000,Denkyembour,Denkyembour,DENKYEMBOUR,422.000000000000000,Kwaebibirem,Kwaebibirem,Eastern,436728895.439999997615814,437,0.129436025755000,0.366988881047000
104,526.000000000000000,Kwahu Afram Plains South,Kwahu Afram Plains South,KWAHU AFRAM PLAINS SOUTH,423.000000000000000,Kwahu North,Kwahu North,Eastern,3100130372.179999828338623,3100,0.120387422736000,0.296467936385000
105,601.000000000000000,Atwima Mponua,Atwima Mponua,ATWIMA MPONUA,518.000000000000000,Atwima Mponua,Atwima Mponua,Ashanti,1882299755.970000028610229,1882,0.111697337606000,0.432252429570000
106,602.000000000000000,Amansie West,Amansie West,AMANSIE WEST,512.000000000000000,Amansie West,Amansie West,Ashanti,1230683967.970000028610229,1231,0.123628159639000,0.406899602287000
107,603.000000000000000,Amansie Central,Amansie Central,AMANSIE CENTRAL,517.000000000000000,Amansie Central,Amansie Central,Ashanti,849546248.248000025749207,850,0.136395080679000,0.416684070199000
108,604.000000000000000,Adansi South,Adansi South,ADANSI SOUTH,515.000000000000000,Adansi South,Adansi South,Ashanti,1328606201.599999904632568,1329,0.131095091040000,0.422333395783000
109,605.000000000000000, ,Obuasi Municipal,OBUASI MUNICIPAL,502.000000000000000,Obuasi,Obuasi,Ashanti,220695241.789000004529953,221,0.137234760105000,0.386518899751000
110,606.000000000000000,Adansi North,Adansi North,ADANSI NORTH,516.000000000000000,Adansi North,Adansi North,Ashanti,853914797.618000030517578,854,0.145558812081000,0.456756229299000
111,607.000000000000000,Bekwai Municipal,Bekwai Municipal,BEKWAI MUNICIPAL,504.000000000000000,Bekwai,Bekwai,Ashanti,535349827.565999984741211,535,0.149593820412000,0.414460365945000
112,608.000000000000000,Bosome Freho,Bosome Freho,BOSOME FREHO,520.000000000000000,Bosome Freho,Bosome Freho,Ashanti,569063268.169000029563904,569,0.145404432300000,0.448868682081000
113,609.000000000000000,Asante Akim South,Asante Akim South,ASANTE AKIM SOUTH,513.000000000000000,Asante Akim South,Asante Akim South,Ashanti,1154146996.849999904632568,1154,0.150176595092000,0.413428012506000
114,610.000000000000000,Asante Akim Central Municipal,Asante Akim Central Municipal,ASANTE AKIM CENTRAL MUNICIPAL,528.000000000000000,Asante Akim North,Asante Akim North,Ashanti,300426025.478999972343445,300,0.147169420524000,0.407416029864000
115,611.000000000000000,Ejisu Juaben,Ejisu Juaben,EJISU JUABEN MUNICIPAL,503.000000000000000,Ejisu Juaben,Ejisu Juaben,Ashanti,582699035.962000012397766,583,0.145405802169000,0.366220841903000
116,612.000000000000000,Bosomtwe /Atwima / Kwanwoma,Bosomtwe /Atwima / Kwanwoma,BOSUMTWI,527.000000000000000,Bosomtwe,Bosomtwe,Ashanti,422606561.524999976158142,423,0.145551245090000,0.356118255835000
117,613.000000000000000,Atwima Kwanwoma,Atwima Kwanwoma,ATWIMA KWANWOMA,521.000000000000000,Atwima Kwamwoma,Atwima Kwamwoma,Ashanti,251521789.611999988555908,252,0.142259767204000,0.356006608044000
118,614.000000000000000,Kma,Kma,KUMASI METROPOLIS,501.000000000000000,Kumasi,Kumasi,Ashanti,214312257.773999989032745,214,0.139577332227000,0.199072123822000
119,615.000000000000000,Atwima Nwabiagya,Atwima Nwabiagya,ATWIMA NWABIAGYA,514.000000000000000,Atwima Nwabiagye,Atwima Nwabiagye,Ashanti,579158902.218000054359436,579,0.146367153807000,0.374707415753000
120,616.000000000000000,Ahafo Ano South,Ahafo Ano South,AHAFO ANO SOUTH,510.000000000000000,Ahafo Ano South,Ahafo Ano South,Ashanti,1190404402.730000019073486,1190,0.147101353382000,0.442771154967000
121,617.000000000000000,Ahafo Ano North,Ahafo Ano North,AHAFO ANO NORTH,511.000000000000000,Ahafo Ano North,Ahafo Ano North,Ashanti,593322378.054999947547913,593,0.143635067147000,0.435151044273000
122,618.000000000000000,Offinso Municipal,Offinso Municipal,OFFINSO MUNICIPAL,506.000000000000000,Offinso,Offinso,Ashanti,585671791.029000043869019,586,0.151462804305000,0.407553164566000
123,619.000000000000000,Afigya Kwabre,Afigya Kwabre,AFIGYA KWABRE,525.000000000000000,Afigya Kwabre,Afigya Kwabre,Ashanti,409422376.939999997615814,409,0.138637319079000,0.370766904026000
124,620.000000000000000,Kwabre,Kwabre,KWABRE EAST,524.000000000000000,Kwabre East,Kwabre East,Ashanti,122990188.452999994158745,123,0.130713556661000,0.277710698982000
125,621.000000000000000,Afigya Sekyere,Afigya Sekyere,AFIGYA SEKYERE,523.000000000000000,Afigya Sekyere,Afigya Sekyere,Ashanti,416901955.811999976634979,417,0.128597864004000,0.413847950458000
126,622.000000000000000,Mampong Municipal,Mampong Municipal,MAMPONG MUNICIPAL,505.000000000000000,Mampong,Mampong,Ashanti,670447999.447999954223633,670,0.128505982975000,0.405940965940000
127,623.000000000000000,Sekyere East,Sekyere East,SEKYERE EAST,526.000000000000000,Sekyere East,Sekyere East,Ashanti,239245042.817000001668930,239,0.136942075051000,0.398261694537000
128,624.000000000000000,Sekyere Afram Plains,Sekyere Afram Plains,SEKYERE AFRAM PLAINS,529.000000000000000,Sekyere Afram Plains,Sekyere Afram Plains,Ashanti,576942996.710000038146973,577,0.159181499505000,0.431738136177000
129,625.000000000000000,Sekyere Central,Sekyere Central,SEKYERE CENTRAL,519.000000000000000,Sekyere Central,Sekyere Central,Ashanti,1632232263.259999990463257,1632,0.135015260559000,0.388250109559000
130,626.000000000000000,Ejura Sekye Dumase,Ejura Sekye Dumase,EJURA SEKYE DUMASI,509.000000000000000,Ejura Sekyedumase,Ejura Sekyedumase,Ashanti,1340670001.279999971389771,1341,0.130521780880000,0.356955954329000
131,627.000000000000000,Offinso North,Offinso North,OFFINSO NORTH,522.000000000000000,Offinso North,Offinso North,Ashanti,945746714.500000000000000,946,0.137996336073000,0.381712465260000
132,628.000000000000000,Asokore Mampong Municipal,Asokore Mampong Municipal,ASOKORE MAMPONG MUNICIPAL,501.000000000000000,Kumasi,Kumasi,Ashanti,23919951.394199598580599,24,0.133740323639000,0.177998000750000
133,629.000000000000000,Asante Akim North,Asante Akim North,ASANTE AKIM NORTH,528.000000000000000,Asante Akim North,Asante Akim North,Ashanti,1126721323.380000114440918,1127,0.129821552493000,0.410292845414000
134,630.000000000000000,Sekyere Afram Plains North,Sekyere Afram Plains North,SEKYERE AFRAM PLAINS NORTH,529.000000000000000,Sekyere Afram Plains,Sekyere Afram Plains,Ashanti,3529350951.210000038146973,3529,0.126145085887000,0.374039068225000
135,701.000000000000000,Asunafo South,Asunafo South,ASUNAFO SOUTH,712.000000000000000,Asunafo South,Asunafo South,Brong Ahafo,922743411.695000052452087,923,0.121191673012000,0.419425840108000
136,702.000000000000000,Asunafo North,Asunafo North,ASUNAFO NORTH MUNICIPAL,702.000000000000000,Asunafo North,Asunafo North,Brong Ahafo,1410365078.029999971389771,1410,0.168291673064000,0.424174553556000
137,703.000000000000000,Asutifi North,Asutifi North,ASUTIFI NORTH,720.000000000000000,Asutifi,Asutifi,Brong Ahafo,935437953.720999956130981,935,0.134884927603000,0.430871611935000
138,704.000000000000000,Dormaa Municipal,Dormaa Municipal,DORMAA CENTRAL MUNICIPAL,706.000000000000000,Dormaa,Dormaa,Brong Ahafo,1208642805.240000009536743,1209,0.130691120068000,0.402416165331000
139,705.000000000000000,Dormaa East,Dormaa East,DORMAA MUNICIPAL,718.000000000000000,Dormaa East,Dormaa East,Brong Ahafo,569453662.911000013351440,569,0.136631779046000,0.449100485050000
140,706.000000000000000,Tano South,Tano South,TANO SOUTH,710.000000000000000,Tano South,Tano South,Brong Ahafo,488875840.032000005245209,489,0.128242105340000,0.413067980673000
141,707.000000000000000,Tano North,Tano North,TANO NORTH,709.000000000000000,Tano North,Tano North,Brong Ahafo,836981203.093999981880188,837,0.121002300847000,0.426535726715000
142,708.000000000000000,Sunyani Municipal,Sunyani Municipal,SUNYANI MUNICIPAL,705.000000000000000,Sunyani,Sunyani,Brong Ahafo,506334040.675999999046326,506,0.115817992106000,0.426866852910000
143,709.000000000000000,Sunyani West,Sunyani West,SUNYANI WEST,719.000000000000000,Sunyani West,Sunyani West,Brong Ahafo,1058555593.029999971389771,1059,0.114557166700000,0.397085835475000
144,710.000000000000000,Berekum,Berekum,BEREKUM MUNICIPAL,703.000000000000000,Berekum,Berekum,Brong Ahafo,862341418.713999986648560,862,0.122859387705000,0.411628776851000
145,711.000000000000000,Jaman South,Jaman South,JAMAN SOUTH,713.000000000000000,Jaman South,Jaman South,Brong Ahafo,754401618.169999957084656,754,0.120513096671000,0.430478791181000
146,712.000000000000000,Jaman North,Jaman North,JAMAN NORTH,715.000000000000000,Jaman North,Jaman North,Brong Ahafo,1030126392.669999957084656,1030,0.117005481558000,0.411021754128000
147,713.000000000000000,Tain,Tain,TAIN,722.000000000000000,Tain,Tain,Brong Ahafo,1828456891.569999933242798,1828,0.112869288209000,0.369994938953000
148,714.000000000000000,Wenchi,Wenchi,WENCHI MUNICIPAL,704.000000000000000,Wenchi,Wenchi,Brong Ahafo,1144543956.250000000000000,1145,0.109613079893000,0.346890808598000
149,715.000000000000000,Techiman Municipal,Techiman Municipal,TECHIMAN MUNICIPAL,708.000000000000000,Techiman,Techiman,Brong Ahafo,648900191.587000012397766,649,0.107751561280000,0.393369431794000
150,101.000000000000000,Jomoro,Jomoro,JOMORO,306.000000000000000,Jomoro,Jomoro,Western,1493755450.349999904632568,1494,0.000000000000000,0.329542318141000
151,716.000000000000000,Nkoranza South,Nkoranza South,NKORANZA SOUTH,707.000000000000000,Nkoranza South,Nkoranza South,Brong Ahafo,922742981.564000010490417,923,0.107467852882000,0.363649400351000
152,717.000000000000000,Nkoranza North,Nkoranza North,NKORANZA NORTH,717.000000000000000,Nkoranza North,Nkoranza North,Brong Ahafo,1386859308.660000085830688,1387,0.108550659019000,0.378927065337000
153,718.000000000000000,Atebubu Amantin,Atebubu Amantin,ATEBUBU AMANTIN,711.000000000000000,Atebubu,Atebubu,Brong Ahafo,2626467677.250000000000000,2626,0.111555332007000,0.347586602923000
154,719.000000000000000,Sene West,Sene West,SENE WEST,721.000000000000000,Sene,Sene,Brong Ahafo,3266666489.820000171661377,3267,0.116582872383000,0.319933191626000
155,720.000000000000000,Pru,Pru,PRU,714.000000000000000,Pru,Pru,Brong Ahafo,3223344003.650000095367432,3223,0.121261775789000,0.305790963279000
156,721.000000000000000,Kintampo South,Kintampo South,KINTAMPO SOUTH,716.000000000000000,Kintampo South,Kintampo South,Brong Ahafo,1513253817.980000019073486,1513,0.118609197575000,0.380675703427000
157,722.000000000000000,Kintampo North,Kintampo North,KINTAMPO NORTH MUNICIPAL,701.000000000000000,Kintampo North,Kintampo North,Brong Ahafo,4888872688.189999580383301,4889,0.120895851590000,0.310120210697000
158,723.000000000000000,Asutifi South,Asutifi South,ASUTIFI SOUTH,720.000000000000000,Asutifi,Asutifi,Brong Ahafo,596779285.871999979019165,597,0.128171594130000,0.431457127544000
159,724.000000000000000,Dormaa West,Dormaa West,DORMAA WEST,706.000000000000000,Dormaa,Dormaa,Brong Ahafo,380443537.920000016689301,380,0.118836146951000,0.418288395813000
160,725.000000000000000,Techiman North,Techiman North,TECHIMAN NORTH,708.000000000000000,Techiman,Techiman,Brong Ahafo,389305015.787000000476837,389,0.114594522154000,0.411677691574000
161,726.000000000000000,Banda,Banda,BANDA,722.000000000000000,Tain,Tain,Brong Ahafo,2296585630.360000133514404,2297,0.108194623651000,0.253882911646000
162,727.000000000000000,Sene East,Sene East,SENE EAST,721.000000000000000,Sene,Sene,Brong Ahafo,4400691052.460000038146973,4401,0.129346355943000,0.239003604364000
163,801.000000000000000,Bole,Bole,BOLE,811.000000000000000,Bole,Bole,Northern,6165410714.539999961853027,6165,0.122614977280000,0.270757156755000
164,802.000000000000000,Sawla/Tuna/Kalba,Sawla/Tuna/Kalba,SAWLA-TUNA-KALBA,808.000000000000000,Sawla Tuna Kalba,Sawla Tuna Kalba,Northern,4223843941.960000038146973,4224,0.114687669319000,0.274249229922000
165,803.000000000000000,West Gonja,West Gonja,WEST GONJA,825.000000000000000,Gonja West,Gonja West,Northern,4715460617.130000114440918,4715,0.109223432535000,0.296468891964000
166,804.000000000000000,Gonja Central,Gonja Central,GONJA CENTRAL,805.000000000000000,Gonja Central,Gonja Central,Northern,7559295676.010000228881836,7559,0.135457853512000,0.280481221276000
167,805.000000000000000,East Gonja,East Gonja,EAST GONJA,816.000000000000000,Gonja East,Gonja East,Northern,8350985095.199999809265137,8351,0.108736345388000,0.265405628698000
168,806.000000000000000,Kpandai,Kpandai,KPANDAI,813.000000000000000,Kpandai,Kpandai,Northern,1135210117.099999904632568,1135,0.105094672191000,0.272651387574000
169,807.000000000000000,Nanumba South,Nanumba South,NANUMBA SOUTH,807.000000000000000,Nanumba South,Nanumba South,Northern,1793023655.359999895095825,1793,0.104138533007000,0.278552815610000
170,808.000000000000000,Nanumba North,Nanumba North,NANUMBA NORTH,806.000000000000000,Nanumba North,Nanumba North,Northern,2265245608.739999771118164,2265,0.109829318606000,0.267093770392000
171,809.000000000000000,Zabzugu,Zabzugu,ZABZUGU,817.000000000000000,Zabzugu Tatale,Zabzugu Tatale,Northern,1102850613.470000028610229,1103,0.120590814609000,0.276468945673000
172,810.000000000000000,Yendi Municipal,Yendi Municipal,YENDI MUNICIPAL,802.000000000000000,Yendi,Yendi,Northern,1449458510.769999980926514,1449,0.135062376118000,0.246070183166000
173,811.000000000000000,Tamale North Sub Metro,Tamale North Sub Metro,TAMALE METROPOLIS,801.000000000000000,Tamale,Tamale,Northern,647672542.723000049591064,648,0.132686214303000,0.253921161952000
174,812.000000000000000,Tolon,Tolon,TOLON,826.000000000000000,Tolon Kumbungu,Tolon Kumbungu,Northern,1354553389.099999904632568,1355,0.128847274584000,0.256133579120000
175,813.000000000000000,Savelugu Nanton,Savelugu Nanton,SAVELUGU NANTON,803.000000000000000,Savelugu Nanton,Savelugu Nanton,Northern,2024894740.710000038146973,2025,0.135425804737000,0.236546672461000
176,814.000000000000000,Karaga,Karaga,KARAGA,812.000000000000000,Karaga,Karaga,Northern,3123969931.139999866485596,3124,0.126138615942000,0.231235153312000
177,815.000000000000000,Gushiegu,Gushiegu,GUSHIEGU,810.000000000000000,Gushegu,Gushegu,Northern,2679059053.380000114440918,2679,0.113020113536000,0.234381957273000
178,816.000000000000000,Saboba,Saboba,SABOBA,815.000000000000000,Saboba,Saboba,Northern,1755183178.190000057220459,1755,0.104008678681000,0.230456306046000
179,817.000000000000000,Chereponi,Chereponi,CHEREPONI,814.000000000000000,Chereponi,Chereponi,Northern,1377961980.130000114440918,1378,0.109066823912000,0.213334015688000
180,818.000000000000000,Bunkpurugu Yonyo,Bunkpurugu Yonyo,BUNKPURUGU YONYO,804.000000000000000,Bunkpurugu Yunyoo,Bunkpurugu Yunyoo,Northern,1259670899.890000104904175,1260,0.110692015650000,0.253572422357000
181,819.000000000000000,Mamprusi East,Mamprusi East,EAST MAMPRUSI,809.000000000000000,Mamprusi East,Mamprusi East,Northern,1709519917.579999923706055,1710,0.117287644902000,0.248957774152000
182,820.000000000000000,West Mamprusi,West Mamprusi,WEST MAMPRUSI,818.000000000000000,Mamprusi West,Mamprusi West,Northern,2613240683.969999790191650,2613,0.125867504075000,0.243196252525000
183,821.000000000000000,North Gonja,North Gonja,NORTH GONJA,825.000000000000000,Gonja West,Gonja West,Northern,4846667821.489999771118164,4847,0.119624932163000,0.309629306620000
184,822.000000000000000,Kumbumgu,Kumbumgu,KUMBUMGU,826.000000000000000,Tolon Kumbungu,Tolon Kumbungu,Northern,1542314965.019999980926514,1542,0.110981815603000,0.241464740992000
185,823.000000000000000,Sagnerigu,Sagnerigu,SAGNERIGU MUNICIPAL,801.000000000000000,Tamale,Tamale,Northern,200628386.294999986886978,201,0.109672197950000,0.232315872780000
186,825.000000000000000,Tatale,Tatale,TATALE,817.000000000000000,Zabzugu Tatale,Zabzugu Tatale,Northern,1093300529.859999895095825,1093,0.108001534164000,0.280105329015000
187,826.000000000000000,Mamprugu Moagduri,Mamprugu Moagduri,MAMPRUGU MOAGDURI,818.000000000000000,Mamprusi West,Mamprusi West,Northern,2122327294.569999933242798,2122,0.104631614065000,0.246402596181000
188,901.000000000000000,Builsa North,Builsa North,BUILSA NORTH,1008.000000000000000,Builsa,Builsa,Upper East,816914197.161000013351440,817,0.107359312205000,0.231136958283000
189,904.000000000000000,Bolgatanga Municipal,Bolgatanga Municipal,BOLGATANGA MUNICIPAL,1001.000000000000000,Bolgatanga,Bolgatanga,Upper East,397479987.591000020503998,397,0.109674336343000,0.248442813224000
190,905.000000000000000,Talensi,Talensi,TALENSI,1009.000000000000000,Talensi Nabdam,Talensi Nabdam,Upper East,839390570.108999967575073,839,0.119458265979000,0.259736268253000
191,906.000000000000000,Bongo,Bongo,BONGO,1005.000000000000000,Bongo,Bongo,Upper East,415219980.490000009536743,415,0.136423836963000,0.235899127304000
192,907.000000000000000,Bawku West,Bawku West,BAWKU WEST,1004.000000000000000,Bawku West,Bawku West,Upper East,1072767143.220000028610229,1073,0.108294634730000,0.250046615977000
193,908.000000000000000,Garu Tempane,Garu Tempane,GARU TEMPANE,1006.000000000000000,Garu Tempane,Garu Tempane,Upper East,1062875641.730000019073486,1063,0.107369248331000,0.243712816733000
194,909.000000000000000,Bawku Municipal,Bawku Municipal,BAWKU MUNICIPAL,1002.000000000000000,Bawku,Bawku,Upper East,247678178.215000003576279,248,0.108840321891000,0.216728413115000
195,910.000000000000000,Builsa South,Builsa South,BUILSA SOUTH,1008.000000000000000,Builsa,Builsa,Upper East,1241987920.059999942779541,1242,0.107967254757000,0.231851868494000
196,911.000000000000000,Nabdam,Nabdam,NABDAM,1009.000000000000000,Talensi Nabdam,Talensi Nabdam,Upper East,245258335.810000002384186,245,0.107004412745000,0.245112808375000
197,912.000000000000000,Binduri,Binduri,BINDURI,1002.000000000000000,Bawku,Bawku,Upper East,392567406.017000019550323,393,0.107552716819000,0.228237237855000
198,913.000000000000000,Pusiga,Pusiga,PUSIGA,1002.000000000000000,Bawku,Bawku,Upper East,256239322.655000001192093,256,0.105630085067000,0.221144252378000
199,1001.000000000000000,Wa West,Wa West,WA WEST,903.000000000000000,Wa West,Wa West,Upper West,1490404931.950000047683716,1490,0.107190550532000,0.249807645230000
200,1002.000000000000000,Wa Municipal,Wa Municipal,WA MUNICIPAL,901.000000000000000,Wa,Wa,Upper West,579358252.449000000953674,579,0.108637357077000,0.251485742380000
201,1003.000000000000000,Wa East,Wa East,WA EAST,902.000000000000000,Wa East,Wa East,Upper West,4295587485.710000038146973,4296,0.106906708836000,0.267802423499000
202,1004.000000000000000,Sissala East,Sissala East,SISSALA EAST,904.000000000000000,Sissala East,Sissala East,Upper West,5092492184.789999961853027,5092,0.107495652763000,0.246478831213000
203,1005.000000000000000,Nadowli-Kaleo,Nadowli-Kaleo,NADOWLI-KALEO,909.000000000000000,Nadowli,Nadowli,Upper West,1130820499.089999914169312,1131,0.106823862761000,0.262980275419000
204,1006.000000000000000,Jirapa,Jirapa,JIRAPA,907.000000000000000,Jirapa,Jirapa,Upper West,1187375701.119999885559082,1187,0.107304613471000,0.248440336910000
205,1007.000000000000000,Sissala  West,Sissala  West,SISSALA WEST,905.000000000000000,Sissala West,Sissala West,Upper West,2049071501.490000009536743,2049,0.106878770804000,0.247321006496000
206,1008.000000000000000,Lambussie Karni,Lambussie Karni,LAMBUSSIE KARNI,906.000000000000000,Lambussie,Lambussie,Upper West,811029671.562000036239624,811,0.106532633050000,0.246673223623000
207,1009.000000000000000,Lawra,Lawra,LAWRA,911.000000000000000,Lawra Nandom,Lawra Nandom,Upper West,526693508.679000020027161,527,0.107478652988000,0.230273823383000
208,1010.000000000000000,Daffiama Bussie,Daffiama Bussie,DAFFIAMA BUSSIE,909.000000000000000,Nadowli,Nadowli,Upper West,1455143799.289999961853027,1455,0.107054181587000,0.256764148130000
209,1011.000000000000000,Nandom,Nandom,NANDOM,911.000000000000000,Lawra Nandom,Lawra Nandom,Upper West,404108785.596000015735626,404,0.107595814934000,0.228815664340000
210,903.000000000000000,Kasena Nankana East,Kasena Nankana East,KASENA NANKANA EAST,1003.000000000000000,Kasena Nankani East,Kasena Nankani East,Upper East,767672556.669000029563904,768,0.108302416462000,0.244857233994000
211,902.000000000000000,Kasena Nankana West,Kasena Nankana West,KASENA NANKANA WEST,1007.000000000000000,Kasena Nankani West,Kasena Nankani West,Upper East,873311894.616000056266785,873,0.107084696069000,0.239108810892000
212,414.000000000000000,Kadjebi,Kadjebi,KADJEBI,605.000000000000000,Kadjebi,Kadjebi,Volta,691797360.644999980926514,692,0.104443050743000,0.487508679428000
213,408.000000000000000,Ho Municipal,Ho Municipal,HO MUNICIPAL,604.000000000000000,Ho,Ho,Volta,575356861.506999969482422,575,0.105362002796000,0.414763188606000
214,824.000000000000000,Mion,Mion,MION,802.000000000000000,Yendi,Yendi,Northern,2718940610.230000019073486,2719,0.110502610691000,0.262405391411000
215,220.000000000000000,Awutu Senya East Municipal,Awutu Senya East Municipal,AWUTU SENYA EAST MUNICIPAL,299.000000000000000,Awutu Senya 2,Awutu Senya 2,Central,108171208.927000001072884,108,0.106955227307000,0.200393746222000